,by,descendants,id,kids,score,time,title,type,url,text
0,varunvummadi,81.0,40127806,"[40128351, 40128046, 40128359, 40128521, 40128111, 40129900, 40129248, 40128639, 40128057, 40128158, 40128480, 40128116]",255,1713838912,Phi-3 Technical Report,story,https://arxiv.org/abs/2404.14219,
1,zdgeier,109.0,40126751,"[40127268, 40127093, 40127073, 40127116, 40127044, 40129443, 40127288, 40127692, 40129717, 40127320, 40127854, 40127046, 40127231, 40127445, 40126957, 40127276, 40127402, 40127182, 40129302, 40129736, 40129507, 40128091, 40127086, 40128573, 40127527, 40127169, 40127196, 40128739, 40127108, 40128087, 40128023, 40127099, 40128670, 40127578, 40127453, 40127720, 40127509, 40128364, 40127607, 40127487]",545,1713829123,Krazam OS,story,https://www.krazam.tv/,
2,transpute,13.0,40129297,"[40129729, 40129787, 40129841, 40129809, 40129599]",21,1713855654,Open Source Community Unites to Build EU CRA-Compliant Cybersecurity Processes,story,https://news.apache.org/foundation/entry/open-source-community-unites-to-build-cra-compliant-cybersecurity-processes,
3,jverrecchia,4.0,40129276,"[40129827, 40129788, 40129880, 40129870]",15,1713855409,Web Game Engines and Libraries,story,https://www.webgamedev.com/engines-libraries/web-game-engines-libraries,
4,wodow,12.0,40128285,"[40129451, 40129439, 40128764, 40128585]",53,1713844246,EURISKO Lives,story,https://blog.funcall.org/lisp/2024/03/22/eurisko-lives/,
5,pncnmnp,6.0,40129025,"[40129528, 40129365, 40129393]",26,1713852915,How short can Git abbreviate? (2013),story,https://blog.cuviper.com/2013/11/10/how-short-can-git-abbreviate/,
6,gajus,95.0,40127124,"[40127867, 40129842, 40128856, 40127908, 40128250, 40129312, 40129494, 40129684, 40129818, 40128871, 40129789, 40129577, 40128706, 40128772, 40127457, 40128911, 40128969, 40129291, 40127511, 40129596, 40127571, 40128949, 40129709, 40127851, 40127226, 40127675, 40127909, 40128766, 40127547, 40127717, 40127514, 40128022, 40127519, 40127378, 40127686, 40127489, 40128993]",108,1713831652,Understanding and avoiding visually ambiguous characters in IDs,story,https://gajus.com/blog/avoiding-visually-ambiguous-characters-in-ids,
7,kiyanwang,31.0,40112282,"[40129284, 40128400, 40129859, 40128575, 40129748, 40127911, 40129347, 40128943, 40129099, 40128183]",63,1713773247,The problem with invariants is that they change over time,story,https://surfingcomplexity.blog/2024/03/26/the-problem-with-invariants-is-that-they-change-over-time/,
8,croes,1.0,40129145,[40129349],33,1713854182,NASA's Voyager 1 Resumes Sending Engineering Updates to Earth,story,https://www.jpl.nasa.gov/news/nasas-voyager-1-resumes-sending-engineering-updates-to-earth,
9,Thevet,1.0,40111581,[40129484],25,1713763097,The Resurrection of Rajasthan's Royal Liquors,story,https://www.atlasobscura.com/articles/the-secret-liquor-recipes-of-rajasthans-royals,
10,ahiknsr,561.0,40115554,"[40116550, 40115923, 40129734, 40116076, 40123611, 40124006, 40116676, 40129573, 40123830, 40115916, 40127397, 40116095, 40116619, 40116211, 40116088, 40115993, 40126286, 40129406, 40117070, 40115936, 40116324, 40117387, 40116580, 40116029, 40116694, 40115946, 40126899, 40128130, 40116938, 40127641, 40123383, 40116372, 40122925, 40128093, 40116977, 40117604, 40116219, 40116508, 40115874, 40116312, 40119994, 40128298, 40116082, 40129174, 40127159, 40116197, 40116687, 40117374, 40116109, 40116207, 40116200, 40128500, 40116188, 40119600, 40121598, 40117523, 40121603, 40117827, 40127697, 40117082, 40119067, 40123389, 40127137, 40126930, 40125824, 40117191, 40115980, 40116898, 40116472, 40116145, 40116287, 40127012, 40116173, 40119710, 40116347, 40116156, 40116007, 40117160, 40126857, 40119967, 40119384, 40116130, 40123009, 40116604, 40116336, 40118909, 40116693, 40117422, 40115886, 40120015, 40121480, 40122167, 40122070, 40122051, 40120113, 40120603, 40120460, 40120439, 40119342, 40119338, 40119325, 40119320, 40119298, 40127616, 40116113, 40118318, 40125803, 40125644, 40125377, 40125781, 40117105, 40125453, 40124042, 40121481, 40121684, 40120972, 40120450, 40120129, 40119173, 40119170, 40125391, 40122384, 40122360, 40122300, 40121858, 40122214, 40121538, 40121903, 40121823, 40126056, 40126022, 40125936, 40125931, 40122551, 40127395, 40116253, 40116450, 40116351, 40122599, 40122871, 40122632, 40122731, 40122844, 40117243, 40126372, 40126122, 40126266, 40126551, 40126420, 40121386, 40126335, 40117054, 40122644, 40118672, 40123702, 40124282, 40118352, 40118818, 40119037, 40119069, 40121157, 40124369, 40118340, 40118361, 40118475, 40118488, 40118584, 40118596, 40118883, 40124362, 40124430, 40124649, 40124029, 40120729, 40124694, 40118281, 40118483, 40118524, 40118617, 40118624, 40119044, 40124216, 40124113, 40118310, 40118507, 40123802, 40124372, 40124284, 40124994, 40125079, 40125078, 40125109, 40123810, 40124103, 40124376, 40118873, 40118890, 40118235, 40118837, 40118882, 40118899, 40118903, 40124444, 40124091, 40118809, 40124917, 40124943, 40124435, 40123872, 40124776, 40124504, 40125310, 40120776, 40121050, 40123444]",683,1713801270,Meta Horizon OS,story,https://www.meta.com/blog/quest/meta-horizon-os-open-hardware-ecosystem-asus-republic-gamers-lenovo-xbox/,
11,sveltecult,45.0,40122999,"[40129353, 40129521, 40129008, 40127241, 40127183, 40127271, 40127507, 40128056, 40128646, 40126933, 40129672, 40128113, 40127653, 40126886, 40124745, 40125786, 40125689, 40125603, 40125475, 40124500, 40124929, 40124135, 40125681, 40125641, 40125165, 40124375, 40125513, 40125512, 40125623, 40125483, 40124998, 40123663, 40125945, 40125944, 40125920, 40126215, 40126252, 40126251, 40126429, 40126519, 40126532, 40126090, 40126568, 40126641, 40126310, 40126042, 40126483, 40126502, 40126199, 40126204, 40126375, 40126447, 40126192, 40126405, 40126459, 40126776, 40126650, 40126836, 40126653, 40123821, 40124004, 40124221, 40123870, 40124795, 40124818, 40124101, 40124236, 40124259, 40124479, 40124476, 40124723, 40126012, 40126038, 40126138, 40126047, 40126108, 40126118, 40123546, 40123774, 40123867, 40123846, 40123957, 40126277, 40124613, 40124636, 40124774, 40124796, 40126789, 40125042, 40123738, 40123788, 40124224, 40125036, 40124342, 40124147, 40124020, 40124134, 40125121, 40123882, 40124217, 40124550, 40124626, 40124660, 40124789, 40125106, 40125665, 40124882, 40123592, 40124927, 40124722, 40124415, 40123777, 40124061, 40124585, 40124596, 40124200, 40124546, 40124150, 40124590, 40125155, 40125152]",138,1713824322,"HTML-first, framework-agnostic implementation of shadcn/UI – franken/UI",story,https://www.franken-ui.dev/,
12,cab404,10.0,40127218,"[40129015, 40129675, 40129018, 40128073]",53,1713832595,Carapace: A multi-shell completion library and binary,story,https://carapace.sh/,
13,AlbertCory,383.0,40119958,"[40128164, 40122586, 40121411, 40127887, 40128094, 40129584, 40129625, 40121243, 40121339, 40129046, 40121419, 40127958, 40125902, 40129623, 40129520, 40128957, 40121431, 40128710, 40128628, 40121223, 40121866, 40121396, 40122584, 40128929, 40125097, 40127348, 40128382, 40125830, 40121432, 40122719, 40123193, 40121363, 40121234, 40129237, 40128413, 40127429, 40121260, 40128499, 40129647, 40121409, 40129436, 40121092, 40127787, 40128020, 40121264, 40127865, 40124582, 40127689, 40128719, 40129414, 40125113, 40128622, 40122911, 40129508, 40122895, 40128186, 40124298, 40123983, 40123075, 40121351, 40122946, 40121437, 40126940, 40121418, 40122972, 40127039, 40129217, 40123369, 40127840, 40128989, 40127935, 40121602, 40122951, 40121454, 40128002, 40121423, 40127468, 40127904, 40126846, 40125672, 40125454, 40122171, 40121724, 40121706, 40121320, 40120734, 40120601, 40120597, 40120589, 40120550, 40120392, 40120283, 40120219, 40120204, 40121324, 40125638, 40123482, 40125698, 40123642, 40123547, 40122007, 40121939, 40122101, 40121150, 40121164, 40120262, 40120462, 40120208, 40120182, 40125400, 40125738, 40125697, 40125413, 40125367, 40124914, 40123728, 40123637, 40123550, 40122389, 40122161, 40122035, 40122246, 40122339, 40122318, 40122308, 40121559, 40126049, 40125965, 40125946, 40126228, 40126134, 40125974, 40122487, 40122484, 40126814, 40126524, 40126592, 40126305, 40126558, 40121294, 40122749, 40122817, 40122848, 40122852, 40124133, 40124606, 40124770, 40125134, 40126346, 40126738, 40126666, 40126394, 40126451, 40126642, 40126749, 40124502, 40124598, 40126339, 40126807, 40122606, 40120184, 40120241, 40121178, 40121775, 40124168, 40124491, 40124480, 40123959, 40124159, 40123730, 40124788, 40124439, 40124455, 40124010, 40123933, 40124109]",420,1713818201,No one buys books,story,https://www.elysian.press/p/no-one-buys-books,
14,thunderbong,3.0,40112002,"[40129760, 40129820]",7,1713769236,Changelog-Driven Releases,story,https://mathieularose.com/changelog-driven-releases,
15,thepuppet33r,126.0,40127400,"[40129234, 40129879, 40127599, 40129162, 40128820, 40129872, 40129761, 40128225, 40129295, 40128978, 40127907, 40129683, 40129673, 40128271, 40127749, 40127789, 40127950, 40129084, 40129501, 40129227, 40128147, 40128192, 40127696, 40128385, 40129320, 40128919, 40128895, 40127748, 40127510, 40129355, 40128166, 40129567, 40127728, 40128121, 40127934, 40128821, 40127724, 40128948, 40129036, 40128283, 40129392, 40128887, 40128984, 40127761, 40128790, 40129051, 40129035, 40128944, 40127822, 40128142]",85,1713834741,Ask HN: How to manage phones and PCs for elderly parents?,story,,"I have a friend whose parents are getting up in years. They&#x27;re still functional enough that they want to be independent and surf the web, check their stocks, etc. He has some remote desktop software installed on their PCs, and antivirus installed and locked down. But they keep destroying their PCs with downloads, keep turning airplane mode on for their phones and can&#x27;t figure out how to disable it, and recently his dad got in a cleaning mood and deleted a bunch of system files and bricked his machine. He&#x27;s almost to the point of setting up an Intune tenant just to onboard and lock down his parents devices. Any suggestions on how to manage phones and PCs of the elderly to keep them functional but useful?"
16,metalwhale,8.0,40111916,[40129453],17,1713768098,Petoi Bittle – a programmable robot dog,story,https://www.petoi.com/products/petoi-bittle-robot-dog,
17,matt_d,36.0,40120846,"[40127163, 40126647, 40127795, 40129255, 40127980, 40129652, 40125882, 40127061, 40125761, 40125316, 40121940, 40121801, 40121132, 40120950, 40125732, 40125551, 40125514, 40125471, 40125418, 40125642, 40125625, 40125252, 40121841, 40121854, 40121149, 40120937, 40125366, 40124686, 40125594, 40125726, 40125682, 40125537, 40122443, 40122402, 40122163, 40121848, 40126139, 40125926, 40122574, 40122754, 40122795, 40126525, 40126201, 40126341, 40126743, 40126801, 40126021, 40126026, 40126453, 40126176, 40126629, 40126160, 40126324, 40122643, 40122708, 40122736, 40122758, 40122786, 40121726, 40123990, 40123840, 40124691, 40124688, 40125025, 40123487, 40124720, 40124940, 40126728, 40126716, 40123762, 40123792, 40124539, 40123596, 40123653, 40124066, 40124595, 40124988, 40125115, 40124751, 40121701, 40124308, 40124356, 40125190, 40123747, 40125074, 40125080, 40123887, 40124111, 40124559, 40124280]",96,1713820431,FPGA Architecture for Deep Learning: Survey and Future Directions,story,https://arxiv.org/abs/2404.10076,
18,jonathankoren,142.0,40117599,"[40128584, 40120323, 40129871, 40126969, 40118268, 40118211, 40127933, 40127412, 40121773, 40126281, 40120049, 40119380, 40122986, 40121370, 40129239, 40121064, 40127635, 40127961, 40129044, 40127754, 40127999, 40129666, 40121066, 40120005, 40126285, 40127006, 40122251, 40121445, 40120281, 40120026, 40121889, 40121666, 40120759, 40120752, 40120716, 40120674, 40120084, 40120369, 40119362, 40119314, 40119307, 40119280, 40125757, 40125746, 40123927, 40122250, 40122192, 40121983, 40121645, 40121196, 40121185, 40120947, 40120407, 40120565, 40119222, 40119217, 40119211, 40119186, 40125649, 40125548, 40123641, 40122221, 40121966, 40121923, 40121904, 40121553, 40121524, 40121905, 40126936, 40126165, 40122468, 40127017, 40122608, 40122790, 40126244, 40126763, 40126842, 40126364, 40126481, 40126531, 40126533, 40126230, 40126397, 40126409, 40126220, 40126219, 40124586, 40123899, 40124289, 40126576, 40126354, 40123975, 40126685, 40129333, 40123859, 40124553, 40118363, 40118414, 40118420, 40118426, 40118509, 40118670, 40118807, 40118819, 40118816, 40118902, 40118905, 40118912, 40126618, 40123906, 40124404, 40118792, 40118924, 40119036, 40119094, 40123724, 40124923, 40120738, 40124604, 40118279, 40118569, 40118605, 40118646, 40118679, 40124194, 40118300, 40118516, 40121505, 40124102, 40118378, 40124348, 40124545, 40118939, 40124540, 40119015, 40119017, 40119154, 40121040, 40123825, 40125069, 40118582, 40118655, 40119027, 40118734, 40124286]",597,1713812390,NASA's Voyager 1 Resumes Sending Engineering Updates to Earth,story,https://blogs.nasa.gov/voyager/2024/04/22/nasas-voyager-1-resumes-sending-engineering-updates-to-earth/,
19,fragmede,294.0,40113013,"[40113118, 40113926, 40127040, 40115185, 40123404, 40113985, 40115524, 40115359, 40114582, 40113312, 40122916, 40117932, 40115883, 40117709, 40113983, 40114962, 40116201, 40114628, 40113827, 40127010, 40127246, 40127211, 40129120, 40115489, 40124346, 40115006, 40116778, 40118190, 40118991, 40114166, 40121971, 40128325, 40121350, 40121340, 40127462, 40113917, 40127678, 40115537, 40114479, 40122707, 40114658, 40116683, 40115209, 40115814, 40129387, 40116344, 40123047, 40114909, 40115355, 40121347, 40123017, 40123014, 40115446, 40123043, 40124677, 40113690, 40123395, 40117733, 40119702, 40114103, 40119832, 40120232, 40120020, 40116179, 40115868, 40113902, 40116143, 40117552, 40114789, 40125286, 40114412, 40117813, 40116902, 40116415, 40115806, 40115002, 40126871, 40113293, 40114890, 40125215, 40121583, 40122184, 40122100, 40122072, 40121780, 40121752, 40120976, 40120740, 40120725, 40120437, 40120418, 40120417, 40119379, 40119358, 40119313, 40119294, 40119279, 40119274, 40119259, 40120115, 40120114, 40115200, 40125634, 40125562, 40125669, 40125218, 40121497, 40122234, 40121174, 40121146, 40119214, 40119198, 40119191, 40119188, 40119187, 40118443, 40125469, 40125223, 40125201, 40124229, 40125646, 40125637, 40125363, 40125712, 40125710, 40125695, 40122433, 40122287, 40122043, 40122322, 40122309, 40121696, 40121379, 40124864, 40122785, 40122618, 40126222, 40126233, 40126333, 40126096, 40126676, 40126052, 40126174, 40126470, 40126149, 40126235, 40126248, 40126538, 40126664, 40126828, 40126342, 40121716, 40122716, 40122718, 40122801, 40122840, 40122842, 40122857, 40123993, 40124841, 40125027, 40126739, 40122689, 40118880, 40118349, 40118365, 40118465, 40118467, 40118506, 40118515, 40118598, 40118613, 40118623, 40118659, 40118682, 40118828, 40119032, 40119034, 40123974, 40118285, 40118444, 40118540, 40123866, 40123954, 40118855, 40118901, 40118926, 40119114, 40124816, 40123570, 40123700, 40124341, 40123734, 40118663, 40123605, 40118704, 40120955, 40124464, 40125151, 40123893, 40124263, 40125139, 40123947, 40124894, 40125022]",1369,1713782279,Equinox.space,story,https://equinox.space/,
20,jseliger,45.0,40114696,"[40124392, 40127815, 40128011, 40127198, 40127939, 40127959, 40127945, 40122105, 40123387, 40122476, 40122138, 40121778, 40120956, 40125722, 40122222, 40122099, 40121928, 40121853, 40121695, 40121986, 40121819, 40121135, 40125591, 40125568, 40125500, 40125437, 40123766, 40122391, 40122374, 40122394, 40122328, 40122279, 40122151, 40122084, 40122081, 40122286, 40121697, 40122292, 40122135, 40126726, 40125947, 40126178, 40122503, 40122519, 40122563, 40122557, 40126260, 40126306, 40126779, 40125909, 40125983, 40126336, 40126563, 40126322, 40126468, 40126187, 40122598, 40122604, 40121746, 40124506, 40126249, 40122960, 40124344, 40126744, 40124958, 40124087, 40124487, 40124234, 40124463, 40124578, 40124060, 40121376, 40123504, 40125162, 40124741, 40124777, 40123901]",85,1713795959,The emotional trial of clinical trials: like online dating with death risk,story,https://jakeseliger.com/2024/04/22/the-emotional-trial-of-clinical-trials-part-1-its-like-online-dating-except-if-you-choose-wrong-you-die/,
21,bookofjoe,1.0,40104586,[40129739],29,1713696048,The Copier Wars: Fair Use's Rude Awakening,story,https://newart.press/p/the-copier-wars-fair-uses-rude-awakening,
22,CaptainZapp,15.0,40129259,"[40129557, 40129491, 40129540, 40129611, 40129793, 40129808, 40129523, 40129546, 40129468]",24,1713855181,It's the End of the Web as We Know It,story,https://www.theatlantic.com/technology/archive/2024/04/generative-ai-search-llmo/678154/,
23,mountainview,31.0,40121318,"[40128724, 40127139, 40123616, 40128574, 40123256, 40125176, 40123390, 40124670, 40126068, 40123028, 40125520, 40125326, 40125231, 40121541, 40122052, 40121944, 40121807, 40121620, 40121609, 40125657, 40125795, 40122240, 40122228, 40121970, 40121891, 40122089, 40122924, 40121961, 40121957, 40122193, 40121883, 40121788, 40125752, 40125718, 40125742, 40125493, 40125489, 40122444, 40122420, 40122358, 40122334, 40122303, 40122299, 40122277, 40122189, 40122065, 40121827, 40122579, 40122614, 40122657, 40122678, 40122685, 40122712, 40122734, 40122645, 40122760, 40122769, 40126098, 40126156, 40126485, 40126834, 40126327, 40126032, 40126507, 40126496, 40126061, 40126704, 40122607, 40124948, 40124934, 40126693, 40121556, 40123366, 40121783, 40124782, 40123603, 40123970, 40124928, 40121952, 40125017, 40124570, 40124005, 40124074, 40124858, 40124787, 40124560, 40124511, 40124401, 40123994, 40123953, 40124884, 40124857, 40124361, 40123894, 40124144, 40124085]",150,1713821550,"Dify, a visual workflow to build/test LLM applications",story,https://github.com/langgenius/dify,
24,fzliu,8.0,40127162,[40128144],21,1713832022,Using Your Vector Database as a JSON (Or Relational) Datastore,story,https://zilliz.com/blog/using-your-vector-database-as-JSON-or-relational-datastore,
25,tydunn,,40120616,,1,1713819628,Continue (YC S23) is hiring a founding engineer in San Francisco,job,https://www.ycombinator.com/companies/continue/jobs/smcxRnM-founding-engineer,
26,hmm37,8.0,40104614,"[40129829, 40128343, 40129648, 40105663]",44,1713696406,How to reenable undervolting in 2020 Dell Laptops by editing EFI variables,story,https://brendangreenley.com/undervolting-2020-dell-laptops-like-the-vostro-7500-and-more-tips-to-improve-thermals-battery-life-and-speed/,
27,ppenenko,4.0,40110072,"[40129335, 40127272, 40129080, 40127291, 40125423, 40125354, 40122132, 40121674, 40125590, 40125349, 40125744, 40125376, 40125714, 40125606, 40125313, 40122392, 40122003, 40122207, 40121708, 40121843, 40122548, 40122545, 40122500, 40122517, 40122589, 40122698, 40122761, 40122792, 40122885, 40126407, 40126658, 40126351, 40126480, 40126075, 40126550, 40126623, 40126202, 40126031, 40126368, 40126534, 40126559, 40126569, 40126659, 40121581, 40122820, 40122870, 40123587, 40124737, 40124735, 40124973, 40125008, 40124302, 40124612, 40124821, 40126688, 40123545, 40124355, 40126698, 40126712, 40126636, 40121732, 40124297, 40124890, 40125114, 40125312, 40123573, 40123640, 40123808, 40124084, 40124530, 40124637, 40124601, 40124750, 40123513, 40124574, 40124243, 40124449, 40125070]",41,1713741717,Show HN: Metashade – a Pythonic GPU shading/compute EDSL,story,https://github.com/ppenenko/metashade,"Superficially, it may look similar to Nvidia&#x27;s Warp or OpenAI&#x27;s Triton, but instead of transpiling a subset of Python to the target language, it implements dynamic codegen in pure Python.<p>These slides discuss the existing GPU programming solutions and make a case for Metashade&#x27;s approach: <a href=""https:&#x2F;&#x2F;docs.google.com&#x2F;presentation&#x2F;d&#x2F;e&#x2F;2PACX-1vQtYIwXIkMnVC6TzWTKPAtZIA6_xeUCQc8Mvyziu0qy7HDUduz_onsJ5TabxTuuVQ&#x2F;pub?start=false&amp;loop=false&amp;delayms=3000"" rel=""nofollow"">https:&#x2F;&#x2F;docs.google.com&#x2F;presentation&#x2F;d&#x2F;e&#x2F;2PACX-1vQtYIwXIkMnV...</a>"
28,lxm,100.0,40127515,"[40127903, 40128319, 40128619, 40128200, 40128122, 40127563, 40128126, 40127868, 40128430, 40129299, 40127905, 40128055, 40128410, 40129640, 40128214, 40128780, 40128033, 40129493, 40128078, 40129480, 40127870, 40127928, 40128064, 40128876, 40127889, 40128504, 40128528, 40128832]",103,1713835946,The Seattle Public Library is reducing maximum digital holds,story,https://shelftalkblog.wordpress.com/2024/03/13/the-seattle-public-library-is-reducing-our-maximum-digital-holds-heres-why/,
29,hasheddan,186.0,40116644,"[40116928, 40117389, 40116940, 40117631, 40124054, 40116992, 40125240, 40129643, 40128532, 40127052, 40122174, 40116948, 40127041, 40119861, 40117556, 40129238, 40117089, 40118229, 40121093, 40117241, 40119605, 40128839, 40117169, 40128274, 40117092, 40117087, 40116989, 40117052, 40117658, 40128535, 40127986, 40117351, 40127452, 40118237, 40125668, 40125422, 40122091, 40121753, 40121186, 40121031, 40120862, 40120705, 40120135, 40120523, 40120355, 40119372, 40119354, 40119324, 40125650, 40125604, 40124758, 40125484, 40121542, 40122109, 40122179, 40121128, 40121123, 40120967, 40120529, 40120596, 40120327, 40119179, 40125731, 40125687, 40125536, 40125508, 40125467, 40125221, 40125564, 40125482, 40125385, 40125379, 40125384, 40123615, 40123551, 40122423, 40122321, 40122061, 40122359, 40121967, 40121675, 40126146, 40122571, 40126790, 40126537, 40126820, 40126829, 40126594, 40122855, 40124106, 40125263, 40126705, 40126724, 40126513, 40126667, 40126400, 40123860, 40126777, 40126803, 40118371, 40118436, 40118455, 40118484, 40118566, 40118581, 40118593, 40118603, 40118619, 40118656, 40118683, 40118718, 40118737, 40122681, 40122679, 40122700, 40118810, 40118858, 40119066, 40121045, 40121277, 40124429, 40118622, 40118701, 40125047, 40118802, 40124219, 40118878, 40118895, 40124490, 40123660, 40124141, 40125320, 40124724, 40120953, 40118308, 40124132, 40120108, 40118927, 40118938, 40121163, 40123923, 40124919, 40124360, 40124033, 40124618, 40124199, 40124761]",191,1713807164,The Performance Impact of C++'s `final` Keyword,story,https://16bpp.net/blog/post/the-performance-impact-of-cpp-final-keyword/,
30,andsoitis,7.0,40129362,"[40129907, 40129881, 40129918, 40129810, 40129551]",9,1713856301,Vision Pro Demand Dwindles as Customer Interest Dropped After Initial Hype,story,https://wccftech.com/vision-pro-demand-dwindles-as-customer-interest-dropped-after-initial-hype/,
31,aragonite,0.0,40127681,,37,1713837620,Electron 30.0.0,story,https://www.electronjs.org/blog/electron-30-0,
32,ethbr1,12.0,40127483,"[40128509, 40128881, 40128931, 40128417, 40128855, 40128461, 40127623]",50,1713835634,Hackers Broke into Change Healthcare's Systems 9 Days Before Cyberattack,story,https://www.wsj.com/articles/change-healthcare-hackers-broke-in-nine-days-before-ransomware-attack-7119fdc6,
33,rvnx,4.0,40113054,"[40127024, 40128014, 40127165, 40126320, 40126535, 40126825, 40126264, 40126765, 40126826, 40126585, 40126821, 40126721]",36,1713782672,Finding the First 10-digit Prime in Digits of e (2017),story,https://www.hanshq.net/eprime.html,
34,kylebarron,13.0,40115155,"[40127313, 40116382, 40126894, 40116392, 40117814, 40122088, 40121901, 40121856, 40121826, 40121757, 40121700, 40121606, 40120687, 40120650, 40120138, 40120595, 40120582, 40120442, 40120420, 40120406, 40120375, 40120328, 40119359, 40119323, 40119309, 40119255, 40119252, 40119249, 40119243, 40125577, 40125390, 40125264, 40124505, 40123764, 40121935, 40121962, 40122057, 40121730, 40121152, 40120590, 40120536, 40119216, 40119175, 40125203, 40125717, 40125411, 40122415, 40122400, 40122190, 40122120, 40122116, 40121987, 40122284, 40122241, 40122200, 40121656, 40122094, 40125977, 40122525, 40122504, 40122491, 40122485, 40123493, 40122600, 40122616, 40126206, 40126625, 40126262, 40126802, 40126494, 40126435, 40126004, 40121570, 40123583, 40124364, 40123942, 40124748, 40124526, 40125280, 40126450, 40122686, 40124340, 40124616, 40124772, 40118316, 40118327, 40118339, 40118398, 40118428, 40118538, 40118551, 40118699, 40118702, 40118795, 40118822, 40118840, 40119064, 40120126, 40120756, 40121025, 40124040, 40118283, 40118309, 40118334, 40118441, 40118660, 40118723, 40124166, 40119138, 40124738, 40124848, 40123775, 40120658, 40118845, 40118925, 40120906, 40124459, 40124621, 40124285, 40123799, 40123805, 40119132, 40119134, 40123955, 40125160]",158,1713798600,Parquet-WASM: Rust-based WebAssembly bindings to read and write Parquet data,story,https://github.com/kylebarron/parquet-wasm,
35,zdw,56.0,40114961,"[40120837, 40116296, 40116118, 40119907, 40116621, 40116132, 40120044, 40125438, 40125188, 40122153, 40122145, 40121818, 40121284, 40121281, 40121209, 40120676, 40120472, 40119374, 40119281, 40119262, 40120128, 40120101, 40125617, 40125477, 40125450, 40125345, 40123761, 40121470, 40122066, 40122155, 40121127, 40120882, 40120370, 40120584, 40119180, 40119178, 40119158, 40125189, 40125460, 40125708, 40125553, 40125510, 40125473, 40125311, 40125260, 40124812, 40123897, 40122432, 40122441, 40122409, 40122319, 40121902, 40122338, 40121576, 40126181, 40126225, 40126190, 40126084, 40126025, 40122467, 40123476, 40126255, 40126271, 40126362, 40126395, 40126321, 40126137, 40122837, 40124311, 40123890, 40124879, 40124693, 40124844, 40126691, 40123571, 40122628, 40124698, 40125020, 40123558, 40124268, 40124516, 40118302, 40118375, 40118479, 40118499, 40118518, 40118621, 40118657, 40118661, 40118664, 40118751, 40119059, 40119108, 40119142, 40118303, 40118677, 40118709, 40124885, 40124941, 40124279, 40119040, 40123704, 40120100, 40124620, 40125049, 40124304, 40126700, 40118637, 40118918, 40118943, 40124241, 40125210, 40118532, 40123985, 40123964, 40124022, 40124630, 40124065, 40124509, 40118625, 40124252, 40121640, 40124138, 40125146, 40124299]",129,1713797495,"JEDEC Extends DDR5 Memory Spec to 8800 MT/S, Adds Anti-Rowhammer Features",story,https://www.anandtech.com/show/21363/jedec-extends-ddr5-specification-to-8800-mts-adds-anti-rowhammer-features,
36,smlavine,13.0,40126935,"[40127927, 40129769, 40129817, 40129597, 40128295]",61,1713829952,Modal is a matrioshka language based on pattern-matching to rewrite trees,story,https://wiki.xxiivv.com/site/modal,
37,zdw,145.0,40111274,"[40111722, 40113884, 40111753, 40111703, 40112802, 40115549, 40127070, 40112613, 40111866, 40117348, 40112940, 40114846, 40111872, 40112942, 40111801, 40112438, 40112171, 40116803, 40114335, 40114682, 40125582, 40125254, 40122180, 40122164, 40121829, 40121776, 40121199, 40120984, 40120751, 40120481, 40120464, 40120415, 40120340, 40119375, 40119332, 40119304, 40119299, 40119282, 40120102, 40120087, 40125716, 40125556, 40125378, 40124320, 40124136, 40123815, 40123664, 40123661, 40122210, 40121615, 40121942, 40121932, 40120707, 40119220, 40119172, 40118531, 40118418, 40125275, 40125764, 40125433, 40125788, 40125593, 40125268, 40123471, 40122416, 40122289, 40122041, 40122217, 40121968, 40121761, 40126195, 40126062, 40126053, 40125971, 40122581, 40122547, 40122480, 40126242, 40126331, 40126823, 40122699, 40122735, 40121631, 40124329, 40124552, 40125064, 40126578, 40126633, 40126570, 40124357, 40124659, 40126714, 40126607, 40118294, 40118351, 40118432, 40118548, 40118555, 40118574, 40118654, 40118681, 40118703, 40122674, 40118791, 40118917, 40119026, 40119061, 40119149, 40120709, 40124452, 40118367, 40123926, 40118629, 40118706, 40118732, 40125144, 40123584, 40124024, 40124525, 40124714, 40125076, 40124536, 40124834, 40120899, 40123863, 40123868, 40123950, 40124653, 40125104, 40118481, 40119144, 40118755, 40119111, 40123798, 40124073, 40124114, 40124143, 40125209]",489,1713757908,Inside the Super Nintendo cartridges,story,https://fabiensanglard.net/snes_carts/index.html,
38,dnetesn,44.0,40111479,"[40119453, 40120848, 40120314, 40119960, 40119921, 40121293, 40128557, 40123088, 40120961, 40127089, 40127063, 40126938, 40125810, 40121572, 40121551, 40121911, 40121894, 40121793, 40121181, 40120989, 40120748, 40120083, 40120413, 40125578, 40125723, 40125447, 40123902, 40122142, 40122095, 40121821, 40122055, 40121925, 40121795, 40120954, 40120895, 40120890, 40120879, 40120724, 40120467, 40120381, 40125414, 40125700, 40122156, 40121964, 40122139, 40125939, 40122539, 40122495, 40121307, 40122595, 40122611, 40122664, 40122709, 40122788, 40122810, 40126361, 40126465, 40126091, 40126369, 40126414, 40126452, 40126008, 40126312, 40126709, 40126492, 40126635, 40126734, 40123556, 40123655, 40124641, 40124835, 40124878, 40126245, 40126236, 40123526, 40123553, 40123586, 40126702, 40123752, 40124018, 40121585, 40124075, 40124730, 40124766, 40124765, 40124901, 40121137, 40123630, 40123732, 40123853, 40124566, 40124581, 40126725, 40124588, 40124742, 40124071, 40124863, 40123944, 40123742]",98,1713761240,It's OK to feed wild birds – here are some tips for doing it the right way,story,https://worldsensorium.com/its-ok-to-feed-wild-birds-here-are-some-tips-for-doing-it-the-right-way/,
39,v9v,91.0,40115083,"[40118194, 40116929, 40115459, 40128447, 40121591, 40115713, 40115425, 40125674, 40121536, 40120569, 40120394, 40120383, 40119331, 40119275, 40119268, 40119237, 40120091, 40125804, 40125814, 40125360, 40125213, 40122243, 40121160, 40120889, 40120665, 40119194, 40119192, 40119176, 40125519, 40125503, 40124523, 40125720, 40125661, 40125567, 40122410, 40122301, 40122237, 40122143, 40122492, 40122471, 40122866, 40121388, 40122626, 40122634, 40126127, 40126425, 40126040, 40126265, 40126674, 40126663, 40122594, 40122646, 40126742, 40121513, 40123686, 40123779, 40123794, 40124310, 40123997, 40124214, 40118402, 40118408, 40118849, 40120679, 40118315, 40118417, 40118544, 40118633, 40118680, 40118739, 40119047, 40125124, 40124501, 40125084, 40125137, 40125322, 40118411, 40124950, 40124408, 40124855, 40124092, 40124986, 40119043, 40124420, 40124256, 40124797, 40125133, 40125163, 40125150]",121,1713798119,An Exploration of SBCL Internals (2020),story,https://simonsafar.com/2020/sbcl/,
40,chl,31.0,40114403,"[40128784, 40120316, 40117504, 40124668, 40117762, 40120614, 40117214, 40117636, 40127764, 40126934, 40128303, 40125481, 40125480, 40125462, 40125295, 40121549, 40121963, 40121892, 40121816, 40121750, 40121005, 40120675, 40120137, 40120105, 40120593, 40120480, 40120470, 40120466, 40120389, 40120377, 40120360, 40119353, 40119344, 40119270, 40119236, 40120121, 40120088, 40125635, 40121547, 40122148, 40121114, 40120412, 40120331, 40119203, 40119164, 40119062, 40125719, 40125186, 40123905, 40125419, 40123936, 40123904, 40123864, 40122447, 40122373, 40122413, 40122398, 40122397, 40122311, 40122310, 40122093, 40122283, 40122062, 40121698, 40121849, 40126023, 40125952, 40122538, 40122513, 40122590, 40126079, 40126126, 40126203, 40126371, 40126488, 40126527, 40126373, 40126683, 40126819, 40125930, 40122875, 40126071, 40122814, 40122834, 40122794, 40124811, 40122654, 40124900, 40124980, 40124939, 40126720, 40126731, 40122717, 40122806, 40124226, 40124887, 40124436, 40118401, 40118405, 40118407, 40118416, 40118431, 40118440, 40118461, 40118502, 40118811, 40119012, 40126723, 40118336, 40118520, 40118597, 40118754, 40118800, 40118835, 40118889, 40119098, 40123598, 40123620, 40124016, 40124485, 40124225, 40124757, 40124778, 40120708, 40125266, 40125274, 40125296, 40118275, 40119068, 40124486, 40125068, 40118329, 40123938, 40124657, 40124746, 40128299]",127,1713794053,Espressif Acquires Majority Stake in M5Stack,story,https://www.espressif.com/en/news/Espressif_Acquires_M5Stack,
41,lowercasename,50.0,40112958,"[40129925, 40113131, 40127712, 40121372, 40113574, 40114033, 40113317, 40113620, 40113281, 40114556, 40125767, 40125736, 40122077, 40121652, 40121081, 40120711, 40120566, 40120527, 40120421, 40119312, 40119269, 40119264, 40119244, 40120093, 40123511, 40125610, 40125479, 40125392, 40125807, 40123749, 40123743, 40123579, 40123564, 40122236, 40122187, 40121685, 40114178, 40120962, 40120701, 40120541, 40120521, 40120400, 40120600, 40120405, 40119207, 40119206, 40119205, 40118801, 40125339, 40125488, 40125600, 40125370, 40125191, 40123721, 40122448, 40122408, 40122356, 40121997, 40121810, 40121955, 40121900, 40121859, 40113327, 40125919, 40122883, 40126512, 40126234, 40126760, 40126806, 40125911, 40126508, 40126610, 40126200, 40126261, 40126797, 40125958, 40126434, 40126258, 40122663, 40122805, 40122839, 40122858, 40121633, 40123679, 40124424, 40124001, 40124781, 40125055, 40125062, 40125271, 40121523, 40124245, 40118353, 40118370, 40118376, 40118453, 40118471, 40118485, 40118494, 40118519, 40118525, 40118602, 40118610, 40118615, 40118612, 40118678, 40118761, 40118824, 40118861, 40124014, 40118345, 40124640, 40118556, 40118715, 40118907, 40119019, 40119023, 40119084, 40125015, 40123709, 40124140, 40124433, 40124969, 40124212, 40125281, 40118314, 40120107, 40124731, 40125108, 40124177, 40124249, 40124222, 40124515, 40124705, 40124743, 40124961, 40124488, 40124011, 40124107, 40124283, 40124412, 40114859]",244,1713781580,"Show HN: OpenOrb, a curated search engine for Atom and RSS feeds",story,https://openorb.idiot.sh/search,"Alternative search engines are neat, as are RSS feeds. OpenOrb is a self-hosted app which allows visitors to search over a list of blogs you love. If you put your 10 favourite blogs in there, it&#x27;ll search just those blogs and not show you any sponsored content or machine-generated garbage (unless... you follow blogs written by machines?)<p>Personal RSS feed readers can usually do this sort of thing, but RSS readers aren’t meant to be shared, so you can think of the search engine as a &#x27;curated feed list as a public service&#x27;.<p>I wrote a longer blog post about OpenOrb here: <a href=""https:&#x2F;&#x2F;raphael.computer&#x2F;blog&#x2F;openorb-curated-search-engine&#x2F;"" rel=""nofollow"">https:&#x2F;&#x2F;raphael.computer&#x2F;blog&#x2F;openorb-curated-search-engine&#x2F;</a>"
42,throwaway888abc,28.0,40127106,"[40127475, 40127666, 40128076, 40127859, 40127901, 40127117, 40127480, 40127634, 40127367]",80,1713831489,Ex-Amazon exec claims she was asked to ignore copyright law in race to AI,story,https://www.theregister.com/2024/04/22/ghaderi_v_amazon/,
43,QueensGambit,4.0,40122919,"[40129668, 40128597, 40129141]",7,1713823796,Generate code for declarative language instead of programming language,story,https://near.tl/developer-forever/forum/announcement/generate-code-for-declarative-language-instead-of-.anc-17ee9632-adef-49b3-b320-c4e0b82c8d8a.html,
44,alexdanilowicz,0.0,40128384,,23,1713845177,"Linus Torvalds, the famous embroidery file converter developer",story,http://torvalds-family.blogspot.com/2010/01/embroidery-gaah.html,
45,SkyMarshal,8.0,40124682,"[40127663, 40127432, 40128484, 40126994, 40127777, 40127105, 40127608, 40125523, 40125237, 40125776, 40125526, 40125361, 40125242, 40125765, 40125729, 40125662, 40126113, 40126182, 40126163, 40125912, 40126051, 40126036, 40125957, 40126253, 40126356, 40126238, 40126385, 40126332, 40126349, 40126432, 40126393, 40126511, 40126580, 40126574, 40125301, 40125126, 40125235]",40,1713827099,Cubic Life: Conway's Game of Life in 3D,story,https://github.com/ms0g/cubicLife,
46,miguelazo,12.0,40128003,"[40128835, 40128533, 40129735]",17,1713841314,The reason PG&E rates are skyrocketing in California,story,https://www.sfchronicle.com/opinion/openforum/article/california-electric-bills-news-puc-19410274.php,
47,lproven,0.0,40121408,"[40122225, 40121906, 40121872, 40121832, 40121519, 40122050, 40122047, 40122176, 40122071, 40122198, 40122379, 40122366, 40121647, 40122553, 40122526, 40122568, 40122558, 40122486, 40122682, 40121691, 40121711, 40122722, 40122796, 40122832, 40121672]",18,1713822103,Helios-NG: massively-parallel OS for manycore CPUs,story,https://www.geekdot.com/helios-ng/,
48,mooreds,97.0,40115751,"[40127573, 40116749, 40116917, 40116636, 40116802, 40117663, 40116821, 40127802, 40117437, 40117436, 40116314, 40116680, 40116700, 40116811, 40116578, 40116277, 40128455]",57,1713802480,A 100-year-old railway Mexico hopes will rival the Panama Canal (2023),story,https://theweek.com/transport/the-100-year-old-railway-mexico-hopes-will-rival-the-panama-canal,
49,LorenDB,4.0,40127758,[40128995],19,1713838445,Home Assistant has a new foundation and a goal to become a consumer brand,story,https://arstechnica.com/gadgets/2024/04/home-assistants-new-foundation-focused-on-privacy-choice-and-sustainability/,
50,cs702,102.0,40116078,"[40117747, 40118175, 40116865, 40116099, 40129488, 40116760, 40117454, 40117130, 40120007, 40129281, 40128270, 40128053, 40117833, 40117315, 40121509, 40122075, 40120883, 40120868, 40119240, 40120090, 40122219, 40121713, 40121622, 40121280, 40120944, 40120986, 40120608, 40119218, 40119168, 40122381, 40122175, 40122134, 40122296, 40122269, 40121884, 40122276, 40122501, 40122554, 40122661, 40122651, 40122724, 40122727, 40122819, 40122865, 40124313, 40124275, 40124319, 40118286, 40118295, 40118305, 40118304, 40118360, 40118429, 40118749, 40118817, 40118850, 40119070, 40119135, 40120966, 40118447, 40118620, 40118632, 40118662, 40118688, 40118843, 40124235, 40118919, 40124240, 40118936]",90,1713804237,When will computer hardware match the human brain? (1998),story,https://www.jetpress.org/volume1/moravec.htm,
51,RetroTechie,248.0,40119417,"[40121266, 40127016, 40121267, 40129768, 40125892, 40125901, 40126088, 40129866, 40121258, 40128657, 40126991, 40125125, 40127166, 40120515, 40126381, 40125858, 40127008, 40125721, 40128453, 40127096, 40122023, 40128731, 40120760, 40126879, 40126982, 40127022, 40127192, 40121325, 40121049, 40127118, 40122106, 40123719, 40121466, 40121328, 40129166, 40126282, 40126946, 40129905, 40126291, 40121590, 40128081, 40120341, 40124970, 40124146, 40128406, 40128275, 40120791, 40120630, 40129598, 40125615, 40129386, 40120797, 40124184, 40121313, 40121052, 40127434, 40127376, 40127197, 40124182, 40121434, 40127195, 40127486, 40127130, 40120511, 40128704, 40128664, 40121319, 40122256, 40126901, 40125532, 40128097, 40127922, 40125399, 40124547, 40121103, 40121414, 40125181, 40125183, 40128427, 40123442, 40126917, 40121107, 40126863, 40122034, 40121439, 40125862, 40126869, 40121356, 40126293, 40120769, 40127123, 40125487, 40120843, 40120500, 40120063, 40121032, 40124131, 40127335, 40121582, 40127384, 40127035, 40126903, 40121085, 40127382, 40124108, 40122021, 40121435, 40127326, 40120673, 40128162, 40127078, 40121425, 40127850, 40127204, 40127176, 40127109, 40121421, 40125220, 40121179, 40120977, 40120132, 40120094, 40120097, 40125632, 40124123, 40120876, 40120684, 40120430, 40125501, 40124868, 40124270, 40123693, 40123689, 40125962, 40126644, 40126670, 40126408, 40126164, 40126454, 40126082, 40126198, 40126745, 40126095, 40126599, 40125933, 40126347, 40123585, 40124336, 40126729, 40124174, 40123733, 40124093, 40124373, 40124833, 40126694, 40120873, 40123544, 40124947, 40124466, 40124009, 40124497, 40124171, 40120892, 40124281, 40124437, 40126561, 40124631, 40124363, 40124982, 40124718, 40125170]",151,1713816652,Ask HN: What rabbit hole(s) did you dive into recently?,story,,"You get nerd-sniped. Assigned a bug to squash. Some new tech or gadget arrived, to familiarize yourself with.<p>While researching &#x2F; reading up &#x2F; debugging, you stumble upon something interesting. Upon looking into that, yet another subject catches your attention.<p>You know how this goes. So... (see title). Bonus questions: what intermediate steps did you pass along the way? What stuck in your mind the most?"
52,Brajeshwar,3.0,40113174,[40127345],11,1713784036,A Million Years Without a Megaslide,story,https://eos.org/research-spotlights/a-million-years-without-a-megaslide,
53,haruharuha,157.0,40105371,"[40106591, 40105762, 40114598, 40107474, 40106562, 40106537, 40109569, 40108142, 40106115, 40105843, 40106434, 40110272, 40105710, 40106134, 40112889, 40109903, 40105739, 40107281, 40111563, 40108316, 40107676, 40107677, 40112961, 40105748, 40114919, 40108861, 40113604, 40113021, 40112213, 40108571, 40105992, 40107381, 40109974]",513,1713704005,I made an open source Windows app to rewind and search everything on screen,story,https://tonoko.notion.site/I-made-an-open-source-app-to-rewind-search-everything-happened-on-your-screen-on-Windows-184d1a9d5edb494dba0c2f46d311ec5c,
54,mfiguiere,0.0,40129554,,12,1713858344,Apple's China iPhone Sales Dive 19% in Worst Quarter Since 2020,story,https://www.bloomberg.com/news/articles/2024-04-23/apple-s-china-iphone-sales-dive-19-in-worst-quarter-since-2020,
55,ingve,316.0,40103407,"[40104532, 40104605, 40103687, 40129752, 40104173, 40103932, 40103636, 40105190, 40103960, 40129594, 40103774, 40115085, 40103881, 40104370, 40103616, 40104217, 40106745, 40104157, 40105564, 40103692, 40104100, 40104849, 40114546, 40110741, 40121430, 40104239, 40112489, 40103776, 40103828, 40114812, 40104978, 40103983, 40104103, 40104579, 40113253, 40105436, 40103847, 40104457, 40106653, 40109078, 40114957, 40104407, 40104861, 40106557, 40104477, 40104047, 40109982, 40106100, 40104723, 40106858, 40105100, 40108054, 40104975, 40105285, 40107632, 40103685, 40105227, 40104960, 40104278, 40104024, 40117654, 40104107, 40113675, 40104189, 40105128, 40104639, 40104585, 40110719, 40104856, 40105664, 40104803, 40105807, 40104481, 40104484, 40104694, 40105745, 40104864, 40103652, 40104204]",848,1713678007,Programming Is Mostly Thinking (2014),story,http://agileotter.blogspot.com/2014/09/programming-is-mostly-thinking.html,
56,recroad,15.0,40114581,"[40115483, 40115480, 40115203, 40115509, 40115280]",34,1713795164,The Castration of Sima Qian (2022),story,https://ijtihad.substack.com/p/the-castration-of-sima-qian,
57,jseliger,8.0,40127982,"[40128608, 40128778, 40129266, 40129202]",9,1713841086,Opening a small business in San Francisco is still a nightmare,story,https://sfstandard.com/opinion/2024/04/20/small-business-red-tape/,
58,dotcoma,1.0,40128801,[40128936],24,1713850165,U.S. Senate and Biden Shamefully Renew and Expand FISA Section 702,story,https://www.eff.org/deeplinks/2024/04/us-senate-and-biden-administration-shamefully-renew-and-expand-fisa-section-702-0,
59,mikece,87.0,40114350,"[40115920, 40115077, 40114427, 40115438, 40120504, 40114600, 40114433, 40117258, 40114669, 40114830, 40114606, 40125626, 40125539, 40121487, 40122185, 40121996, 40121850, 40121728, 40120469, 40120380, 40119355, 40119340, 40119328, 40119293, 40119256, 40119234, 40123786, 40121568, 40121515, 40121514, 40121671, 40121169, 40120998, 40120555, 40120758, 40120546, 40125686, 40125270, 40124067, 40122375, 40122363, 40122285, 40121933, 40122291, 40122272, 40122128, 40121496, 40121824, 40126080, 40126154, 40126039, 40122534, 40122532, 40122494, 40122477, 40126223, 40122767, 40122742, 40126058, 40126586, 40126197, 40126621, 40126758, 40122890, 40123670, 40123691, 40123703, 40124119, 40123914, 40123977, 40124069, 40124116, 40126323, 40126805, 40126357, 40126418, 40123928, 40118328, 40118341, 40118356, 40118383, 40118476, 40118539, 40118547, 40118628, 40118722, 40118893, 40118900, 40119021, 40119113, 40119123, 40120144, 40118457, 40118832, 40118842, 40118922, 40119056, 40123574, 40123720, 40123760, 40123789, 40123811, 40124627, 40124465, 40124619, 40123505, 40120996, 40118290, 40118368, 40118820, 40119087, 40124434, 40124474, 40124513, 40118896, 40124426, 40125290, 40119124, 40114685]",147,1713793798,Apple has reportedly acquired Datakalab,story,https://9to5mac.com/2024/04/22/apple-startup-acquire-ai-compression-and-computer-vision/,
60,westcort,80.0,40111105,"[40112251, 40114321, 40112293, 40112352, 40112971, 40115891, 40111712, 40113313, 40115625, 40116091, 40112085, 40114030, 40117837, 40114922, 40117237, 40111891, 40113676, 40114757, 40112119, 40119349, 40119319, 40119317, 40119311, 40119292, 40119242, 40119230, 40119229, 40119202, 40118877, 40119057, 40119033]",174,1713754819,A flat map with the least error possible: The Gott-Goldberg-Vanderbei projection,story,https://vanderbei.princeton.edu/planets_webgl/GottPlanets.html,
61,susam,14.0,40095887,"[40129506, 40120631, 40116662, 40127300, 40119656, 40116703, 40121852, 40128565, 40116208, 40125393, 40125256, 40121539, 40121908, 40121718, 40121680, 40121614, 40120988, 40120987, 40120952, 40120110, 40120429, 40120374, 40119369, 40119361, 40119357, 40119351, 40119336, 40119330, 40119266, 40119238, 40125684, 40125459, 40125222, 40121886, 40120728, 40120719, 40120432, 40120579, 40120461, 40120326, 40120096, 40119196, 40119190, 40119189, 40119171, 40125799, 40125267, 40122351, 40122346, 40122288, 40121714, 40122068, 40125953, 40125934, 40126106, 40122873, 40126367, 40126733, 40126677, 40126792, 40126812, 40122773, 40122847, 40124608, 40123908, 40124257, 40125305, 40126247, 40126564, 40126526, 40126263, 40122592, 40124291, 40126796, 40126620, 40126411, 40118289, 40118379, 40118477, 40118496, 40118498, 40118510, 40118648, 40118691, 40118708, 40118757, 40122702, 40119055, 40119079, 40119083, 40119086, 40119090, 40118536, 40118600, 40118836, 40119129, 40123647, 40123669, 40126602, 40123911, 40126606, 40126423, 40120689, 40121995, 40123604, 40118452, 40126314, 40124999, 40124805, 40120869, 40124458, 40124785, 40124808, 40124739]",60,1713603509,The 'blem wit' error messages: Things get terse (2008),story,https://www.theregister.com/2008/01/28/error_messages/,
62,LorenDB,17.0,40127380,"[40127893, 40128843, 40128709, 40127590, 40129071]",17,1713834503,"First real-life Pixel 9 Pro pictures leak, and it has 16GB of RAM",story,https://arstechnica.com/gadgets/2024/04/first-real-life-pixel-9-pro-pictures-leak-and-it-has-16gb-of-ram/,
63,zdw,154.0,40117510,"[40118764, 40119392, 40118963, 40118720, 40120023, 40118278, 40119778, 40118225, 40118577, 40122970, 40118115, 40118541, 40118640, 40125259, 40121474, 40122141, 40121978, 40121830, 40121721, 40121612, 40121202, 40121041, 40120959, 40120933, 40120881, 40120721, 40120713, 40120649, 40119337, 40119333, 40119258, 40119232, 40120143, 40120123, 40120106, 40125262, 40125248, 40123765, 40123635, 40122124, 40121725, 40121171, 40121291, 40120941, 40120436, 40118799, 40119177, 40119166, 40125740, 40125515, 40125395, 40125624, 40125445, 40125214, 40124541, 40123626, 40123651, 40122455, 40122377, 40122335, 40122362, 40121804, 40121758, 40121828, 40121578, 40121575, 40126718, 40122536, 40118773, 40122793, 40122623, 40125918, 40126135, 40126597, 40126177, 40126668, 40126486, 40126600, 40126487, 40126754, 40126011, 40126218, 40121765, 40123684, 40123770, 40126719, 40126727, 40126660, 40122755, 40123460, 40123536, 40124021, 40124760, 40126380, 40118373, 40118526, 40118626, 40118647, 40118756, 40118860, 40118864, 40119077, 40119097, 40120706, 40123758, 40124609, 40124614, 40124875, 40124920, 40118834, 40124267, 40118897, 40119035, 40119078, 40123519, 40124260, 40124446, 40124733, 40125107, 40118649, 40118805, 40118888, 40123607, 40118364, 40118385, 40118527, 40118533, 40118570, 40118604, 40118748, 40119074, 40118412, 40118698, 40118740, 40118933, 40118437, 40118501, 40119152, 40124206, 40124753, 40119697, 40124482, 40124708, 40118913, 40119444]",224,1713811860,"North Korean animation outsourcing for Amazon, HBO Max series",story,https://www.38north.org/2024/04/what-we-learned-inside-a-north-korean-internet-server-how-well-do-you-know-your-partners/,
64,danans,1.0,40128015,[40128938],6,1713841495,"Carrier, inventor of the air conditioner, is moving on to the home heat pump",story,https://www.cnbc.com/2024/04/22/century-old-inventor-of-air-conditioner-is-moving-on-to-home-heat-pump.html,
65,pastureofplenty,1.0,40128331,[40129381],4,1713844687,Rev. Cecil Williams has died,story,https://www.kqed.org/news/11983768/cecil-williams-legendary-pastor-of-glide-church-dies-at-94,
66,fock,43.0,40114567,"[40114952, 40115226, 40114838, 40119396, 40115607, 40123024, 40114728, 40115955, 40115262, 40116855, 40115675, 40117717, 40117528, 40125745, 40125491, 40125206, 40124727, 40123952, 40121498, 40121491, 40122181, 40121979, 40121909, 40121822, 40121130, 40120938, 40120699, 40119356, 40119284, 40119265, 40119257, 40119241, 40119233, 40120118, 40125505, 40125406, 40125801, 40125707, 40125589, 40125518, 40123648, 40123522, 40121552, 40122226, 40121197, 40120963, 40120583, 40120477, 40119193, 40118492, 40123745, 40123575, 40123741, 40122382, 40122281, 40121890, 40121837, 40121798, 40115031, 40126150, 40125932, 40126194, 40126152, 40125927, 40122564, 40122508, 40125185, 40122748, 40122752, 40122878, 40126246, 40126276, 40126403, 40126243, 40126708, 40126843, 40126757, 40122720, 40122884, 40123822, 40124483, 40125298, 40126672, 40126467, 40126711, 40126460, 40126638, 40126437, 40123973, 40126348, 40125057, 40126612, 40118298, 40118324, 40118337, 40118390, 40118424, 40118454, 40118495, 40118550, 40118608, 40118636, 40118846, 40118847, 40119020, 40119085, 40119096, 40122959, 40118669, 40118874, 40118910, 40124589, 40119073, 40124910, 40124120, 40124210, 40124431, 40124629, 40125071, 40125319, 40124157, 40124343, 40124508, 40123998, 40125075, 40118552, 40123961, 40118554, 40124265, 40124460, 40124535, 40125282, 40118707, 40125168, 40124925]",179,1713795056,Py2wasm – A Python to WASM Compiler,story,https://wasmer.io/posts/py2wasm-a-python-to-wasm-compiler,
67,aooohan,34.0,40112842,"[40115529, 40113998, 40114524, 40115135, 40119398, 40127261, 40115392, 40124859, 40121960, 40121836, 40121784, 40121751, 40121112, 40120946, 40120378, 40119341, 40119303, 40119302, 40119295, 40119250, 40119228, 40120134, 40124784, 40123717, 40123687, 40123652, 40121988, 40120888, 40120692, 40120367, 40120103, 40119209, 40124058, 40123819, 40123725, 40123699, 40114348, 40123748, 40122385, 40122425, 40122411, 40122121, 40122340, 40122282, 40122172, 40121738, 40122042, 40121972, 40121769, 40123412, 40126213, 40126189, 40126086, 40122552, 40122516, 40122846, 40126240, 40126241, 40126257, 40122612, 40122668, 40125063, 40124717, 40125021, 40118293, 40118313, 40118330, 40118415, 40118473, 40118497, 40118658, 40118671, 40118710, 40118803, 40118806, 40118825, 40118838, 40118844, 40118935, 40118941, 40119048, 40119075, 40119091, 40119102, 40120993, 40121035, 40121786, 40124169, 40124063, 40124902, 40123609, 40120736, 40124161, 40124721, 40118317, 40119140, 40121003, 40124081, 40124367, 40114854]",84,1713780245,Show HN: I made a multiple runtime version manager that can be used on Windows,story,https://github.com/version-fox/vfox,"vfox is a cross-platform version manager(similar to nvm, fvm, sdkman, asdf-vm, etc.), extendable via plugins. It allows you to different versions for different projects, different versions for different shell. It also supports to lock runtime version for project or shell and support for existing config files .node-version, .nvmrc, .sdkmanrc for easy migration.<p>Available Plugins: <a href=""https:&#x2F;&#x2F;vfox.lhan.me&#x2F;plugins&#x2F;available.html"" rel=""nofollow"">https:&#x2F;&#x2F;vfox.lhan.me&#x2F;plugins&#x2F;available.html</a><p>Supported Shell: Powershell、Clink、Cmder、Bash、ZSH"
68,thunderbong,62.0,40116602,"[40119707, 40117679, 40118016, 40129516, 40117515, 40117462, 40118964, 40118240, 40117300, 40119381, 40121381, 40120069, 40128814, 40119988, 40121655, 40121188, 40121144, 40120694, 40120146, 40120122, 40120099, 40120465, 40120342, 40120339, 40119276, 40119261, 40119245, 40120147, 40120125, 40121574, 40121777, 40121288, 40121158, 40120903, 40120548, 40120390, 40120139, 40119219, 40119162, 40121705, 40121650, 40121632, 40118342, 40118358, 40118393, 40118406, 40118413, 40118458, 40118486, 40118514, 40118586, 40118643, 40118667, 40118686, 40118728, 40118735, 40118814, 40118821, 40118829, 40119031, 40119028, 40119089, 40119117, 40118639, 40118695, 40118879, 40119127, 40119133, 40120678, 40119153, 40121479, 40120086, 40118312, 40118674, 40118947, 40121580]",78,1713806902,The dangers of single line regular expressions,story,https://greg.molnar.io/blog/the-dangers-of-single-line-regular-expressions/,
69,droptablemain,49.0,40103639,"[40114093, 40127917, 40114132, 40116445, 40116915, 40116560, 40120761, 40114775, 40117600, 40117501, 40117250, 40117524, 40114820, 40114057, 40115577, 40115969, 40114186, 40114937, 40125452, 40125397, 40122224, 40122149, 40121772, 40121203, 40120949, 40120120, 40120560, 40119377, 40119373, 40119327, 40119326, 40119321, 40119308, 40120095, 40125762, 40123502, 40123462, 40125557, 40125333, 40121993, 40121637, 40121156, 40120897, 40120573, 40120648, 40120354, 40120587, 40120433, 40125750, 40114609, 40125403, 40125545, 40125507, 40123751, 40122431, 40122325, 40122320, 40122206, 40126193, 40126173, 40126085, 40126104, 40126103, 40125987, 40122463, 40122470, 40123568, 40114828, 40121311, 40122665, 40122650, 40126546, 40126386, 40126041, 40126477, 40121741, 40122782, 40122818, 40122845, 40122863, 40121488, 40124013, 40123883, 40124542, 40126318, 40126510, 40126379, 40124979, 40122694, 40126398, 40124000, 40124317, 40126624, 40124974, 40126722, 40126334, 40126775, 40118359, 40118362, 40118372, 40118392, 40118427, 40118425, 40118474, 40118543, 40118542, 40118558, 40118583, 40118595, 40118601, 40118665, 40118692, 40118711, 40118725, 40122688, 40118851, 40118867, 40118891, 40118928, 40118930, 40121125, 40118350, 40118355, 40124607, 40124755, 40123600, 40123800, 40118348, 40120688, 40123930, 40123976, 40124594, 40123989, 40124156, 40124316, 40124247, 40125147, 40125157]",118,1713681698,Fallout style RPG made in Excel,story,https://storyteller-blog.com/2024/04/21/i-made-a-fallout-inspired-rpg-game-in-excel/,
70,mccoyb,51.0,40107007,"[40111003, 40108135, 40128146, 40109043, 40108268, 40107526]",253,1713716929,"Penzai: JAX research toolkit for building, editing, and visualizing neural nets",story,https://github.com/google-deepmind/penzai,
71,cratermoon,33.0,40127396,"[40128700, 40128822, 40128771, 40128368, 40128754, 40127973]",35,1713834665,"Intro to ""Ideologies of AI and the consolidation of power"": Naming power",story,https://firstmonday.org/ojs/index.php/fm/article/view/13643,
72,tosh,1.0,40111871,[40129384],15,1713767430,OpenCores: A-Z80 CPU,story,https://opencores.org/projects/a-z80,
73,rbanffy,1.0,40114472,"[40116133, 40125790, 40125705, 40125212, 40124756, 40121912, 40121729, 40121286, 40120928, 40120898, 40120119, 40119371, 40119368, 40119352, 40119350, 40119318, 40119310, 40119254, 40119227, 40125660, 40125703, 40125621, 40125463, 40125443, 40123847, 40123736, 40123729, 40123688, 40123543, 40121508, 40121811, 40121723, 40121663, 40120580, 40120602, 40120403, 40119212, 40119160, 40119045, 40125743, 40125611, 40125544, 40125760, 40123492, 40122438, 40122220, 40122166, 40121825, 40121535, 40121861, 40125906, 40115035, 40122715, 40122729, 40126359, 40126360, 40126424, 40126518, 40126117, 40126566, 40126014, 40126614, 40126617, 40126627, 40126448, 40126462, 40126601, 40126498, 40122746, 40122838, 40124423, 40123850, 40124269, 40124421, 40125116, 40122765, 40124202, 40118280, 40118284, 40118387, 40118421, 40118449, 40118500, 40118504, 40118508, 40118511, 40118530, 40118534, 40126730, 40118590, 40118650, 40118714, 40118721, 40118762, 40118797, 40118808, 40118881, 40118884, 40118932, 40119039, 40119041, 40119058, 40120979, 40124038, 40124290, 40118744, 40124125, 40125279, 40122693, 40124406, 40124548, 40124572, 40124768, 40120749, 40125034, 40125054, 40125287, 40121492, 40124163, 40124253, 40118326, 40118480, 40118478, 40125059, 40125067, 40119093, 40119105, 40119115, 40119130, 40124152, 40124921, 40125043]",35,1713794463,Robert Kahn: The Great Interconnector,story,https://spectrum.ieee.org/bob-kahn-2667754905,
74,bennyhill,1.0,40116878,[40116924],40,1713808611,My battle with Tesla: I want to clear my name before I die,story,https://www.bbc.com/news/articles/cg3q95ednqwo,
75,jslampe,15.0,40115482,"[40129722, 40117088, 40121210, 40128991, 40118124, 40124976, 40121486, 40122230, 40120693, 40120524, 40119260, 40119246, 40120112, 40125747, 40125509, 40125386, 40124264, 40121945, 40121899, 40121192, 40120743, 40120739, 40120428, 40120474, 40120124, 40120109, 40119197, 40119184, 40124002, 40126750, 40125622, 40125527, 40125579, 40125478, 40125325, 40124239, 40123675, 40123668, 40121916, 40121896, 40122067, 40121540, 40121762, 40126074, 40126145, 40126166, 40126006, 40122540, 40122499, 40126185, 40126840, 40126835, 40126017, 40121805, 40122711, 40124176, 40124175, 40124230, 40124462, 40123865, 40123943, 40123960, 40124019, 40125236, 40126753, 40126455, 40126809, 40126634, 40123857, 40124824, 40118404, 40118410, 40118430, 40118469, 40118487, 40118512, 40118746, 40122684, 40118753, 40118794, 40118826, 40118872, 40118885, 40119099, 40119122, 40119151, 40118291, 40118736, 40118745, 40118841, 40121477, 40124417, 40125331, 40123589, 40124544, 40124624, 40125004, 40120973, 40118307, 40118839, 40118863, 40125314, 40124783, 40124959, 40119050, 40123875, 40124995, 40118325]",70,1713800867,Survey Study on AI Agent Architectures (2024),story,https://arxiv.org/abs/2404.11584,
76,saloama,76.0,40099626,"[40102659, 40102577, 40100914, 40103875, 40101256, 40099936, 40123069, 40102032, 40102754, 40101776, 40116964, 40101087, 40128202, 40104368, 40102605]",162,1713637784,My journey into personal computer software development in 1983,story,https://farrs.substack.com/p/my-journey-into-personal-computer,
77,kn100,60.0,40113925,"[40114826, 40114752, 40114674, 40115710, 40114923, 40115854, 40116072, 40115821, 40114473, 40114565, 40118592, 40118606, 40118634, 40118644, 40118651, 40118653, 40118689, 40118717, 40118743, 40118731]",77,1713790719,Internet of Desks: How I Connected My Standing Desk to the Internet,story,https://kn100.me/desksniffer/,
78,jyunwai,10.0,40114230,"[40127399, 40127263, 40127349]",27,1713793118,Anonymizing research funding applications could reduce 'prestige privilege',story,https://www.science.org/content/article/anonymizing-research-funding-applications-could-reduce-prestige-privilege,
79,ksec,240.0,40105773,"[40106972, 40108296, 40110329, 40119939, 40107433, 40108343, 40108504, 40106650, 40119271, 40107429, 40107135, 40113745, 40107743]",320,1713707299,From a lorry driver to Ruby on rails developer at 38,story,https://www.writesoftwarewell.com/lorry-driver-to-rails-developer-at-38/,
80,throwaway63467,84.0,40104823,"[40110256, 40110466, 40106499, 40113310, 40109864, 40110253, 40109366, 40109895, 40112027, 40104993, 40111717, 40110872, 40110718, 40109720, 40113858, 40105274, 40110824, 40109817, 40112400, 40113147, 40113764, 40110767, 40108696, 40109692, 40114363, 40112894, 40110006, 40111651, 40113591, 40110047, 40110368, 40110404, 40113671, 40111726, 40111330, 40111743, 40110144, 40110941, 40110468, 40111750, 40110711, 40111314]",257,1713699020,Ask HN: Which books/resources to understand modern Assembler?,story,,"I’d like to learn more about Assembler in order to be able to work with LLVM and JIT as well as to write high performance low-level code. I’m familiar with the basics of x86 but I haven’t touched Assembler in a while, so I’m wondering which resources and in particular books you’d recommend?"
81,jnord,1.0,40113552,[40129318],7,1713787691,Fifty Years of the Personal Computer Operating System,story,https://computerhistory.org/blog/fifty-years-of-the-personal-computer-operating-system/,
82,camkego,137.0,40100569,"[40106334, 40100570, 40103906, 40115769, 40106057, 40103363, 40110231, 40115098, 40122923, 40109516, 40103995, 40111347, 40108524, 40104511, 40103640, 40105725, 40106430]",129,1713643653,How to fix America's aviation system (2023),story,https://www.wbur.org/onpoint/2023/11/15/how-to-fix-americas-aviation-system,
83,fanf2,16.0,40104591,"[40115623, 40115282, 40126929, 40119370, 40119360, 40119315, 40120131, 40120141, 40119157, 40118276, 40118287, 40118331, 40118343, 40118354, 40118397, 40118403, 40118446, 40118448, 40118456, 40118607, 40118630, 40118673, 40118696, 40118875, 40118934, 40119042, 40119052, 40119080, 40119082, 40119088, 40120149, 40118742, 40118804, 40118859, 40119118, 40119147, 40119150]",56,1713696124,Frawk: An efficient Awk-like programming language. (2021),story,https://github.com/ezrosent/frawk,
84,gaurang_tandon,287.0,40104493,"[40115250, 40111764, 40111448, 40111345, 40111473, 40111528, 40111757, 40114960, 40115321, 40115449, 40114151, 40111680, 40111611, 40111642, 40115368, 40115279, 40111523, 40114092, 40113824, 40111633, 40112717]",160,1713694505,The failure of the Domino's 30-minute delivery guarantee,story,https://thehustle.co/originals/the-failure-of-the-dominos-30-minute-delivery-guarantee,
85,goplayoutside,351.0,40104361,"[40109440, 40114572, 40105320, 40109820, 40111582, 40109950, 40105007, 40105069, 40104867, 40112359, 40104643, 40109560, 40110811, 40114074, 40104854, 40109413, 40108447, 40104733, 40109717, 40104946, 40108993]",305,1713692436,"Amazon grows to over 750k robots, replacing 100k humans",story,https://finance.yahoo.com/news/amazon-grows-over-750-000-153000967.html,
86,geox,56.0,40128798,"[40128926, 40129043, 40129129, 40129056, 40129139, 40129213, 40129310, 40128956, 40129126, 40128987]",38,1713850112,Work begins on a $12B high-speed rail line between Las Vegas and Los Angeles,story,https://apnews.com/article/high-speed-train-vegas-los-angeles-brightline-595913ff2fa3d9001fb89bfab4e6c4d2,
87,anonymous123,160.0,40108489,"[40109964, 40113814, 40112004, 40109348, 40109397, 40109136, 40109718, 40112166, 40128714, 40109659, 40109341, 40109899, 40114683, 40108915, 40109287, 40116998, 40113598, 40112332, 40129354, 40122020, 40115476, 40109315]",121,1713727833,Dangers of “decentralized” ID systems,story,https://paper.wf/crypto-agorism/the-dangers-of-decentralized-id-systems,
88,duck,32.0,40111784,"[40114430, 40115678, 40114369, 40114349, 40114108, 40115066, 40116656, 40120343, 40119364, 40119335, 40119296, 40119273, 40119267, 40119235, 40121016, 40120681, 40120663, 40120653, 40120409, 40119195, 40118813, 40118827, 40118920, 40118942, 40119030, 40118871, 40119110, 40119126]",159,1713766174,AI for Data Journalism: demonstrating what we can do with this stuff,story,https://simonwillison.net/2024/Apr/17/ai-for-data-journalism/,
89,well_i_never,10.0,40100573,"[40113032, 40113679]",50,1713643673,Deep Space Trajectories: Exiting the Heliosphere,story,https://www.centauri-dreams.org/2024/04/03/deep-space-trajectories-exiting-the-heliosphere/,
90,b0ner_t0ner,131.0,40095900,"[40104888, 40109008, 40095913, 40105892, 40111382, 40105795, 40127297, 40104499, 40105276, 40106941, 40109382, 40104575, 40105560, 40105328, 40105718, 40106128, 40104548, 40104626, 40108762, 40106083, 40105211, 40105334, 40105140, 40108793, 40105692, 40105042, 40104530, 40104569, 40109203, 40110338]",136,1713603697,Cindy Lee might be the future of music,story,https://www.gq.com/story/pulling-weeds-with-chris-black-cindy-lee-might-be-the-future-of-music,
91,JSR_FDED,123.0,40104547,"[40104672, 40104621, 40104629, 40114288, 40115615, 40104581, 40104703, 40129703, 40108573, 40112559, 40108617, 40117492, 40106172, 40115402, 40104999, 40104640, 40116340, 40120611, 40108377, 40115437, 40115433, 40104938, 40113921, 40108203, 40107897, 40108804, 40105051, 40111179, 40104815, 40104753, 40104769, 40104973, 40104576, 40111994, 40105919, 40105257, 40112323, 40105115, 40111622, 40123061, 40111601, 40104919, 40104806, 40104827, 40104632, 40104729, 40104771, 40104921, 40104716, 40107045, 40111187, 40105154, 40112392, 40107793, 40108172, 40113322, 40106265, 40105358, 40104625, 40110733, 40104802]",90,1713695369,Ask HN: Is iCloud a viable alternative to Dropbox? Any other alternatives?,story,,"Short question: Currently I’m a Dropbox user on Mac, is iCloud a viable alternative? If not, who do you have a good experience with?<p>I’ve been a happy Dropbox user for 10+ years, it’s rock-solid syncing of a local directory with my other devices and the cloud has never let me down.<p>However, I’m starting to feel uneasy about staying with them. In the last years they’ve tried to cram more and more functionality I don’t care about (functions not related to syncing files) into the product, their menu-bar app has become a monster, and I’m tired of the up-sell nudges.<p>Apple is also transitioning all the cloud filesystem companies (like Dropbox, Google Drive, MS One Drive, etc) to use the MacOS File Provider API - probably a good thing to ensure there is a consistent experience for users. But that also makes me think they’re all going to perform exactly the same. I could be wrong of course.<p>Considering all that I want is for a directory tree to be mirrored between the cloud and my devices, are there any alternatives you’d recommend? Have you had good&#x2F;bad experiences with iCloud say in the last 2 years?"
92,r2b2,53.0,40107456,"[40108763, 40109503, 40109112, 40109650, 40108650, 40113182, 40112422, 40109010, 40108733, 40109691, 40110254, 40110973, 40109412, 40111524, 40112944, 40110228, 40108950, 40109182]",203,1713720332,Simon Tatham's Portable Puzzle Collection,story,https://www.chiark.greenend.org.uk/~sgtatham/puzzles/,
93,hoffmannesque,25.0,40100973,"[40113415, 40113834, 40116419, 40113953, 40115444, 40113315, 40128697, 40113474]",74,1713646810,Don Bluth's Garage Band,story,https://animationobsessive.substack.com/p/don-bluths-garage-band,
94,WolfOliver,30.0,40112169,"[40114302, 40117319, 40116046, 40115175, 40112905, 40113022, 40119850, 40116869, 40114084, 40112877, 40116882, 40114399, 40113815, 40114980, 40121543, 40122232, 40122054, 40120651, 40120531, 40121511, 40122227, 40122082, 40121175, 40121278, 40121002, 40120754, 40120446, 40120567, 40120471, 40118301, 40118369, 40118641, 40118652, 40118687, 40118693, 40118726, 40118869, 40118906, 40118921, 40120970, 40121011, 40118391, 40118712, 40118823, 40118923, 40118765, 40120894]",86,1713771710,"Show HN: MonsterWriter – Write a thesis, post, or organize notes",story,,"Hello HN,<p>in 2017 I started a project that would become MonsterWriter. First envisioned as a semi-structured wiki it became a writing application specialized for scientific content. It is a perfect tool if you write your thesis. While it is focused on technical content, you can still see the knowledge management spirit in it.<p>One or two years ago, my wife joined me in my efforts and redesigned the whole project and we recently released it as MonsterWriter2.<p>To celebrate this milestone we are giving away free lifetime licenses for the Desktop version (till Apr 28). Just use the promo code &quot;gu0ho4q&quot; for a 100% discount. You can find detailed instructions here:<p><a href=""https:&#x2F;&#x2F;www.monsterwriter.app&#x2F;promotion.html"" rel=""nofollow"">https:&#x2F;&#x2F;www.monsterwriter.app&#x2F;promotion.html</a><p>You can also find a short introduction video to the app on YouTube: <a href=""https:&#x2F;&#x2F;www.youtube.com&#x2F;watch?v=vR8i-EY_UBk"" rel=""nofollow"">https:&#x2F;&#x2F;www.youtube.com&#x2F;watch?v=vR8i-EY_UBk</a><p>We are happy to receive any kind of feedback!"
95,elijahparker,0.0,40113575,,13,1713787862,A Photographer Captured His Spectacular Dream Eclipse Photo,story,https://petapixel.com/2024/04/21/how-a-photographer-captured-his-spectacular-dream-eclipse-photo/,
96,cheapsteak,1.0,40123873,"[40129733, 40125324, 40125609, 40125228, 40125302, 40125785, 40125733, 40125630, 40125436, 40125773, 40125675, 40125663, 40125570, 40125495, 40125216, 40126015, 40125996, 40126063, 40126170, 40126143, 40126114, 40126094, 40126308, 40126390, 40126313, 40126446, 40126595, 40124347, 40124537, 40124909, 40124551, 40124968, 40125041, 40126681, 40126377, 40126433, 40126665, 40124359, 40125040, 40126615, 40126717, 40126771, 40124416, 40124484, 40124597, 40124946, 40124208, 40124935]",7,1713826426,Ask HN: How does your company do performance reviews?,story,,"Curious to understand how companies do performance reviews<p>What&#x27;s the scale, how are people evaluated against the scale etc"
97,rbanffy,45.0,40115579,"[40116214, 40116364, 40116261, 40115637, 40116058, 40123509, 40125805, 40125330, 40125198, 40122242, 40122170, 40121661, 40120130, 40120476, 40120440, 40119277, 40119247, 40119231, 40123512, 40125542, 40125529, 40125671, 40124442, 40124891, 40123951, 40122213, 40121918, 40121797, 40121760, 40121129, 40120901, 40120735, 40120696, 40120669, 40120330, 40120485, 40119163, 40125618, 40125812, 40123889, 40124046, 40123744, 40123560, 40122439, 40122399, 40121959, 40126817, 40126208, 40126109, 40126180, 40125991, 40122602, 40126584, 40126619, 40126687, 40126648, 40126740, 40126491, 40122841, 40121707, 40123809, 40124643, 40123917, 40123941, 40124127, 40124153, 40124978, 40124413, 40124644, 40124786, 40126830, 40122648, 40122704, 40120863, 40121000, 40123980, 40124650, 40126810, 40118347, 40118346, 40118389, 40118394, 40118445, 40118464, 40118470, 40118491, 40118521, 40118535, 40118549, 40118587, 40118616, 40118642, 40118645, 40118719, 40122636, 40118758, 40118793, 40118815, 40118830, 40118854, 40118868, 40118865, 40118886, 40118929, 40118931, 40119016, 40119024, 40119029, 40119038, 40119054, 40119065, 40119107, 40119109, 40120117, 40120964, 40124303, 40121643, 40121712, 40123791, 40123817, 40118338, 40119076, 40123701, 40123784, 40120111, 40124519, 40125061, 40118572, 40118729, 40118953, 40120661, 40118705, 40119145, 40118700, 40123949, 40125014, 40125037, 40123837]",135,1713801396,Intel Gaudi 3 the New 128GB HBM2e AI Chip in the Wild,story,https://www.servethehome.com/this-is-intel-gaudi-3-the-new-128gb-hbm2e-ai-chip-in-the-wild-intel-vision-2024/,
98,todsacerdoti,84.0,40097681,"[40113269, 40115568, 40108819, 40100516, 40129412, 40113590, 40108956, 40113780, 40110763, 40108548, 40110215, 40112461, 40108695, 40110815, 40108478, 40108624]",239,1713623970,Coroutines and effects,story,https://without.boats/blog/coroutines-and-effects/,
99,joeyhage,131.0,40118778,"[40118946, 40125353, 40119363, 40125098, 40119871, 40126859, 40125175, 40125174, 40126931, 40118969, 40125838, 40127359, 40119411, 40122123, 40118994, 40125180, 40118956, 40128468, 40119395, 40119929, 40125825, 40126067, 40125095, 40125100, 40124997, 40125565, 40125351, 40119426, 40125800, 40127200, 40124915, 40120010, 40125823, 40125292, 40118914, 40119666, 40119406, 40126856, 40123445, 40125818, 40126311, 40125871, 40122897, 40120164, 40119388, 40125179, 40124831, 40119376, 40126107, 40119546, 40119541, 40119540, 40119539, 40119535, 40119532, 40119525, 40119522, 40119518, 40119517, 40119515, 40119512, 40119511, 40119510, 40119509, 40119507, 40119506, 40119504, 40119503, 40119502, 40119501, 40119500, 40119499, 40119498, 40119497, 40119496, 40119495, 40119494, 40119493, 40119597, 40119596, 40119595, 40119594, 40119593, 40119592, 40119591, 40119590, 40119589, 40119588, 40119587, 40119586, 40119585, 40119584, 40119583, 40119582, 40119581, 40119580, 40119579, 40119578, 40119577, 40119576, 40119575, 40119574, 40119573, 40119572, 40119571, 40119570, 40119569, 40119568, 40119567, 40119566, 40119565, 40119564, 40119563, 40119562, 40119561, 40119560, 40119559, 40119654, 40119653, 40119652, 40119651, 40119650, 40119649, 40119648, 40119647, 40119646, 40119645, 40119644, 40119641, 40119640, 40119639, 40119637, 40119636, 40119635, 40119634, 40119633, 40119632, 40119631, 40119696, 40119695, 40119694, 40119693, 40119692, 40119691, 40119629, 40119690, 40119689, 40119688, 40119687, 40119686, 40119685, 40119684, 40119683, 40119682, 40119681, 40119680, 40119679, 40119678, 40119677, 40119676, 40119675, 40119674, 40119673, 40119672, 40119671, 40119670, 40119669, 40119668, 40119667, 40119626, 40119625, 40119624, 40119622, 40119621, 40119620, 40119619, 40119618, 40119617, 40119616, 40119615, 40119614, 40119613, 40119612, 40119611, 40119610, 40119609, 40119608, 40119607, 40119606, 40119604, 40119603, 40125769, 40125619, 40125517, 40125441, 40125575, 40125340, 40125238, 40119855, 40119854, 40119849, 40119847, 40119845, 40119844, 40119843, 40119842, 40119841, 40119839, 40119838, 40119837, 40119836, 40119835, 40119834, 40119833, 40119828, 40119827, 40119826, 40119825, 40119824, 40119823, 40119821, 40119820, 40119819, 40119818, 40119817, 40119816, 40119815, 40119814, 40119813, 40119812, 40119811, 40119810, 40119809, 40119808, 40119807, 40119806, 40119805, 40119804, 40119801, 40119800, 40119799, 40119797, 40119795, 40119794, 40119793, 40119792, 40119791, 40119790, 40119789, 40119788, 40119787, 40119786, 40119783, 40119782, 40119781, 40119780, 40119775, 40119774, 40119773, 40119772, 40119770, 40119769, 40119768, 40119767, 40119766, 40119765, 40119764, 40119763, 40119762, 40119761, 40119760, 40119759, 40119758, 40119757, 40119756, 40119755, 40119754, 40119753, 40119752, 40119751, 40119750, 40119749, 40119748, 40119747, 40119746, 40119745, 40119744, 40119743, 40119742, 40119741, 40119740, 40119739, 40119738, 40119737, 40119735, 40119734, 40119733, 40119732, 40119731, 40119729, 40119728, 40119727, 40119726, 40119725, 40119724, 40119723, 40119722, 40119721, 40119720, 40119719, 40125783, 40125522, 40125476, 40125272, 40125207, 40125605, 40125371, 40125775, 40125766, 40125528, 40125219, 40125857, 40125847, 40126099, 40125849, 40126016, 40119394, 40118999, 40119456, 40126343, 40126439, 40126500, 40126072, 40126590, 40126153, 40126256, 40126824, 40126330, 40126374, 40126604, 40126217, 40126227, 40125949, 40126337, 40126479, 40124716, 40124734, 40124792, 40125038, 40124985, 40125033, 40126102, 40126155, 40126211, 40126280, 40126482, 40126089, 40126837, 40126706, 40124912, 40124922, 40125002, 40125060, 40125994, 40126813, 40119803, 40124953, 40125083, 40124736, 40124854, 40125192, 40119623, 40119508, 40119514, 40119513, 40119516, 40119523, 40119521, 40119520, 40119519, 40119528, 40119527, 40119526, 40119529, 40119530, 40119531, 40119533, 40119534, 40119536, 40119538, 40119537, 40119543, 40119542, 40124725, 40124962, 40125044, 40119505, 40119524, 40125666, 40119798, 40119802, 40125051, 40124825, 40125158, 40118908, 40120920, 40119936, 40119971]",194,1713815590,Ask HN: Is Hacker News under attack from spam bots?,story,,Seeing a lot of spam comments in the last few minutes from accounts that all have similar names. Omitting name since it is NSFW.
